Workbook

Sheet Read Me
A1: Wally Marketing CRM
A2: TRK-2026-1614 · Team USA Sales / CU Inspections of South Florida
A4: WHAT THIS IS
A5: The lead pipeline for the code-enforcement mailing campaign. One row per property owner.
A6: It replaces the Excel CRM that was proposed and never delivered.
A8: THE ONLY TWO COLUMNS YOU HAVE TO KEEP CURRENT
A9: Stage — where the lead is right now. Pick from the drop-down.
A10: Last Contact — the date you last mailed or called. Type the date.
A12: Everything else calculates itself. Next Action, Next Action Date and the Flag
A13: all update the moment you change Stage or Last Contact.
A15: YELLOW CELLS ARE THE ONES YOU FILL IN. White cells are formulas — leave them alone.
A17: HOW TO WORK IT EACH MORNING
... A31: Row 2 of the Leads tab is an example showing the expected format. Delete it before you start.

Sheet Cadence
A1: Cadence — edit the yellow day intervals to re-time every lead
A3: Stage | B3: Next Action | C3: Days After Last Contact
A4: 1 - Letter 1 mailed | B4: Call 1 | C4: 7
A5: 2 - Call 1 done | B5: Mail letter 2 | C5: 7
A6: 3 - Letter 2 mailed | B6: Call 2 | C6: 7
A7: 4 - Call 2 done | B7: Mail letter 3 (final) | C7: 9
A8: 5 - Letter 3 mailed | B8: Close or archive | C8: 15
A9: 6 - Responded | B9: Book the appointment | C9: 1
A10: 7 - Appointment booked | B10: Deliver DD package | C10: 3
A11: 8 - Closed - WON | B11: None - won | C11: 3650
A12: 9 - Closed - no interest | B12: None - closed | C12: 3650
A13: 10 - DNC / Stop | B13: NEVER CONTACT AGAIN | C13: 3650
A15: Stages 8, 9 and 10 use 3650 days (ten years) so closed and DNC leads never resurface in the queue.

Sheet Dashboard
A1: Dashboard
A2: Everything here counts the Leads tab. Nothing to type.
A4: TODAY'S WORK
A5: Overdue | B5: =COUNTIF(Leads!$N$2:$N$502,"OVERDUE") | C5: work these first
A6: Due today | B6: =COUNTIF(Leads!$N$2:$N$502,"DUE TODAY")
A7: Due this week | B7: =COUNTIF(Leads!$N$2:$N$502,"THIS WEEK")
A9: PIPELINE
A10: Total leads | B10: =COUNTA(Leads!$A$2:$A$502)
A11: Still in the mail sequence | B11: =COUNTIFS(Leads!$J$2:$J$502,"1*")+COUNTIFS(Leads!$J$2:$J$502,"2*")+COUNTIFS(Leads!$J$2:$J$502,"3*")+COUNTIFS(Leads!$J$2:$J$502,"4*")+COUNTIFS(Leads!$J$2:$J$502,"5*")
A12: Responded | B12: =COUNTIF(Leads!$J$2:$J$502,"6*")
A13: Appointments booked | B13: =COUNTIF(Leads!$J$2:$J$502,"7*") | C13: the number that matters
A14: Closed - WON | B14: =COUNTIF(Leads!$J$2:$J$502,"8*")
A15: Closed - no interest | B15: =COUNTIF(Leads!$J$2:$J$502,"9*")
A16: DNC / Stop | B16: =COUNTIF(Leads!$J$2:$J$502,"10*") | C16: never contact
A18: RATES
A19: Response rate | B19: =IF(COUNTA(Leads!$A$2:$A$502)=0,0,(COUNTIF(Leads!$J$2:$J$502,"6*")+COUNTIF(Leads!$J$2:$J$502,"7*")+COUNTIF(Leads!$J$2:$J$502,"8*"))/COUNTA(Leads!$A$2:$A$502))
A20: Appointment rate | B20: =IF(COUNTA(Leads!$A$2:$A$502)=0,0,(COUNTIF(Leads!$J$2:$J$502,"7*")+COUNTIF(Leads!$J$2:$J$502,"8*"))/COUNTA(Leads!$A$2:$A$502))
A21: Win rate | B21: =IF(COUNTA(Leads!$A$2:$A$502)=0,0,COUNTIF(Leads!$J$2:$J$502,"8*")/COUNTA(Leads!$A$2:$A$502))

Sheet Lists
A1: Source
A2: Code case search
A3: Unsafe structures
A4: Sunbiz officer
A5: Referral
A6: Walk-in
A7: Repeat client
A8: Other

Sheet Leads
A1: Lead ID | B1: Date Added | C1: Source | D1: Owner Name | E1: Property Address | F1: Folio | G1: Case Number | H1: Phone | I1: Email | J1: Stage | K1: Last Contact | L1: Next Action | M1: Next Action Date | N1: Flag | O1: TRK | P1: Notes
A2: W-0001 | B2: 46250 | C2: Code case search | D2: MARIA GONZALEZ | E2: 1185 SW 183 ST | F2: 30-5032-000-1352 | G2: CE-2026-04412 | H2: 305-555-0142 | I2: mgonzalez@example.com | J2: 1 - Letter 1 mailed | K2: 46250 | L2: =IF($J2="","",IFERROR(INDEX(Cadence!$B$4:$B$13,MATCH($J2,Cadence!$A$4:$A$13,0)),"")) | M2: =IF($J2="","",IFERROR(IF($K2="",$B2,$K2)+INDEX(Cadence!$C$4:$C$13,MATCH($J2,Cadence!$A$4:$A$13,0)),"")) | N2: =IF($M2="","",IF($M2<TODAY(),"OVERDUE",IF($M2=TODAY(),"DUE TODAY",IF($M2<=TODAY()+7,"THIS WEEK","LATER")))) | O2: TRK-2026-1629 | P2: EXAMPLE ROW - delete before you start
L3: =IF($J3="","",IFERROR(INDEX(Cadence!$B$4:$B$13,MATCH($J3,Cadence!$A$4:$A$13,0)),"")) | M3: =IF($J3="","",IFERROR(IF($K3="",$B3,$K3)+INDEX(Cadence!$C$4:$C$13,MATCH($J3,Cadence!$A$4:$A$13,0)),"")) | N3: =IF($M3="","",IF($M3<TODAY(),"OVERDUE",IF($M3=TODAY(),"DUE TODAY",IF($M3<=TODAY()+7,"THIS WEEK","LATER"))))
L4: =IF($J4="","",IFERROR(INDEX(Cadence!$B$4:$B$13,MATCH($J4,Cadence!$A$4:$A$13,0)),"")) | M4: =IF($J4="","",IFERROR(IF($K4="",$B4,$K4)+INDEX(Cadence!$C$4:$C$13,MATCH($J4,Cadence!$A$4:$A$13,0)),"")) | N4: =IF($M4="","",IF($M4<TODAY(),"OVERDUE",IF($M4=TODAY(),"DUE TODAY",IF($M4<=TODAY()+7,"THIS WEEK","LATER"))))
L5: =IF($J5="","",IFERROR(INDEX(Cadence!$B$4:$B$13,MATCH($J5,Cadence!$A$4:$A$13,0)),"")) | M5: =IF($J5="","",IFERROR(IF($K5="",$B5,$K5)+INDEX(Cadence!$C$4:$C$13,MATCH($J5,Cadence!$A$4:$A$13,0)),"")) | N5: =IF($M5="","",IF($M5<TODAY(),"OVERDUE",IF($M5=TODAY(),"DUE TODAY",IF($M5<=TODAY()+7,"THIS WEEK","LATER"))))
L6: =IF($J6="","",IFERROR(INDEX(Cadence!$B$4:$B$13,MATCH($J6,Cadence!$A$4:$A$13,0)),"")) | M6: =IF($J6="","",IFERROR(IF($K6="",$B6,$K6)+INDEX(Cadence!$C$4:$C$13,MATCH($J6,Cadence!$A$4:$A$13,0)),"")) | N6: =IF($M6="","",IF($M6<TODAY(),"OVERDUE",IF($M6=TODAY(),"DUE TODAY",IF($M6<=TODAY()+7,"THIS WEEK","LATER"))))
L7: =IF($J7="","",IFERROR(INDEX(Cadence!$B$4:$B$13,MATCH($J7,Cadence!$A$4:$A$13,0)),"")) | M7: =IF($J7="","",IFERROR(IF($K7="",$B7,$K7)+INDEX(Cadence!$C$4:$C$13,MATCH($J7,Cadence!$A$4:$A$13,0)),"")) | N7: =IF($M7="","",IF($M7<TODAY(),"OVERDUE",IF($M7=TODAY(),"DUE TODAY",IF($M7<=TODAY()+7,"THIS WEEK","LATER"))))
L8: =IF($J8="","",IFERROR(INDEX(Cadence!$B$4:$B$13,MATCH($J8,Cadence!$A$4:$A$13,0)),"")) | M8: =IF($J8="","",IFERROR(IF($K8="",$B8,$K8)+INDEX(Cadence!$C$4:$C$13,MATCH($J8,Cadence!$A$4:$A$13,0)),"")) | N8: =IF($M8="","",IF($M8<TODAY(),"OVERDUE",IF($M8=TODAY(),"DUE TODAY",IF($M8<=TODAY()+7,"THIS WEEK","LATER"))))
L9: =IF($J9="","",IFERROR(INDEX(Cadence!$B$4:$B$13,MATCH($J9,Cadence!$A$4:$A$13,0)),"")) | M9: =IF($J9="","",IFERROR(IF($K9="",$B9,$K9)+INDEX(Cadence!$C$4:$C$13,MATCH($J9,Cadence!$A$4:$A$13,0)),"")) | N9: =IF($M9="","",IF($M9<TODAY(),"OVERDUE",IF($M9=TODAY(),"DUE TODAY",IF($M9<=TODAY()+7,"THIS WEEK","LATER"))))
L10: =IF($J10="","",IFERROR(INDEX(Cadence!$B$4:$B$13,MATCH($J10,Cadence!$A$4:$A$13,0)),"")) | M10: =IF($J10="","",IFERROR(IF($K10="",$B10,$K10)+INDEX(Cadence!$C$4:$C$13,MATCH($J10,Cadence!$A$4:$A$13,0)),"")) | N10: =IF($M10="","",IF($M10<TODAY(),"OVERDUE",IF($M10=TODAY(),"DUE TODAY",IF($M10<=TODAY()+7,"THIS WEEK","LATER"))))
L11: =IF($J11="","",IFERROR(INDEX(Cadence!$B$4:$B$13,MATCH($J11,Cadence!$A$4:$A$13,0)),"")) | M11: =IF($J11="","",IFERROR(IF($K11="",$B11,$K11)+INDEX(Cadence!$C$4:$C$13,MATCH($J11,Cadence!$A$4:$A$13,0)),"")) | N11: =IF($M11="","",IF($M11<TODAY(),"OVERDUE",IF($M11=TODAY(),"DUE TODAY",IF($M11<=TODAY()+7,"THIS WEEK","LATER"))))
L12: =IF($J12="","",IFERROR(INDEX(Cadence!$B$4:$B$13,MATCH($J12,Cadence!$A$4:$A$13,0)),"")) | M12: =IF($J12="","",IFERROR(IF($K12="",$B12,$K12)+INDEX(Cadence!$C$4:$C$13,MATCH($J12,Cadence!$A$4:$A$13,0)),"")) | N12: =IF($M12="","",IF($M12<TODAY(),"OVERDUE",IF($M12=TODAY(),"DUE TODAY",IF($M12<=TODAY()+7,"THIS WEEK","LATER"))))
L13: =IF($J13="","",IFERROR(INDEX(Cadence!$B$4:$B$13,MATCH($J13,Cadence!$A$4:$A$13,0)),"")) | M13: =IF($J13="","",IFERROR(IF($K13="",$B13,$K13)+INDEX(Cadence!$C$4:$C$13,MATCH($J13,Cadence!$A$4:$A$13,0)),"")) | N13: =IF($M13="","",IF($M13<TODAY(),"OVERDUE",IF($M13=TODAY(),"DUE TODAY",IF($M13<=TODAY()+7,"THIS WEEK","LATER"))))
L14: =IF($J14="","",IFERROR(INDEX(Cadence!$B$4:$B$13,MATCH($J14,Cadence!$A$4:$A$13,0)),"")) | M14: =IF($J14="","",IFERROR(IF($K14="",$B14,$K14)+INDEX(Cadence!$C$4:$C$13,MATCH($J14,Cadence!$A$4:$A$13,0)),"")) | N14: =IF($M14="","",IF($M14<TODAY(),"OVERDUE",IF($M14=TODAY(),"DUE TODAY",IF($M14<=TODAY()+7,"THIS WEEK","LATER"))))
... L502: =IF($J502="","",IFERROR(INDEX(Cadence!$B$4:$B$13,MATCH($J502,Cadence!$A$4:$A$13,0)),"")) | M502: =IF($J502="","",IFERROR(IF($K502="",$B502,$K502)+INDEX(Cadence!$C$4:$C$13,MATCH($J502,Cadence!$A$4:$A$13,0)),"")) | N502: =IF($M502="","",IF($M502<TODAY(),"OVERDUE",IF($M502=TODAY(),"DUE TODAY",IF($M502<=TODAY()+7,"THIS WEEK","LATER"))))

Sheet Appointments
A1: Lead ID | B1: Date | C1: Time | D1: Owner Name | E1: Property Address | F1: Type | G1: Fee Quoted | H1: Booked? | I1: Outcome | J1: TRK | K1: Notes
